{
	"format_version": "1.8.0",
	"animations": {
		"animation.spidermine.walk": {
			"loop": true,
			"animation_length": 0.4445,
			"bones": {
				"0": {
					"rotation": {
						"0.0": [
							0,
							0,
							0
						],
						"0.0556": [
							6.89233,
							10.00742,
							-3.33019
						],
						"0.1111": [
							4.60783,
							22.40816,
							-8.20563
						],
						"0.1667": [
							-10.69369,
							29.74544,
							-11.80098
						],
						"0.2222": [
							-8.94511,
							14.83526,
							0.43557
						],
						"0.25": [
							-7.19654,
							-0.07492,
							12.67212
						],
						"0.3056": [
							-6.48845,
							-18.08373,
							23.53778
						],
						"0.3611": [
							-8.62881,
							-33.72017,
							33.44946
						],
						"0.3889": [
							-0.5036,
							-11.46016,
							22.21164
						],
						"0.4444": [
							0,
							0,
							0
						]
					}
				},
				"1": {
					"rotation": {
						"0.0": [
							0,
							-2.5,
							0
						],
						"0.0556": [
							-10,
							-21.67,
							0
						],
						"0.1111": [
							-10.38864,
							-25.11689,
							3.63521
						],
						"0.1667": [
							-10.77727,
							-28.56378,
							7.27042
						],
						"0.2222": [
							-2.68696,
							-18.62221,
							-3.82308
						],
						"0.3056": [
							5.40336,
							-8.68063,
							-14.91657
						],
						"0.3333": [
							6.30177,
							5.39594,
							-20.57405
						],
						"0.3611": [
							7.20018,
							19.4725,
							-26.23153
						],
						"0.3889": [
							2.25194,
							0.14747,
							-15.96038
						],
						"0.4444": [
							0,
							-2.5,
							0
						]
					}
				},
				"2": {
					"rotation": {
						"0.0": [
							0,
							0,
							0
						],
						"0.0556": [
							8.1453,
							-5.01899,
							1.5642
						],
						"0.1111": [
							21.32677,
							-22.81669,
							5.77482
						],
						"0.1667": [
							21.15006,
							-28.57304,
							3.40947
						],
						"0.1944": [
							13.27506,
							-28.57304,
							3.40947
						],
						"0.2222": [
							4.81307,
							-12.22874,
							-1.55089
						],
						"0.25": [
							2.65162,
							4.11556,
							-6.51125
						],
						"0.3056": [
							-6.31347,
							11.38275,
							-9.73659
						],
						"0.3333": [
							-14.79657,
							16.92411,
							-13.7465
						],
						"0.3611": [
							-23.27966,
							22.46546,
							-17.7564
						],
						"0.3889": [
							-8.88894,
							12.31704,
							-8.79054
						],
						"0.4444": [
							0,
							0,
							0
						]
					}
				},
				"3": {
					"rotation": {
						"0.0": [
							0,
							2.5,
							0
						],
						"0.0556": [
							10.23407,
							17.46914,
							-11.03395
						],
						"0.1111": [
							10.88613,
							26.32704,
							-4.56444
						],
						"0.1667": [
							7.71773,
							28.10796,
							-3.53605
						],
						"0.1944": [
							9.39235,
							33.8635,
							-4.47664
						],
						"0.2222": [
							6.35887,
							30.30398,
							-1.76803
						],
						"0.25": [
							5,
							32.5,
							0
						],
						"0.2778": [
							-1.18861,
							22.78092,
							3.02081
						],
						"0.3056": [
							-7.37722,
							13.06184,
							6.04162
						],
						"0.3333": [
							-13.1663,
							6.11694,
							11.75787
						],
						"0.3611": [
							-18.65763,
							-16.76921,
							15.98869
						],
						"0.3889": [
							-8.89932,
							3.04054,
							9.82488
						],
						"0.4444": [
							0,
							2.5,
							0
						]
					}
				},
				"head": {
					"rotation": {
						"0.0": [
							0,
							0,
							0
						],
						"0.0556": [
							-2.5,
							5,
							0
						],
						"0.1389": [
							0,
							10,
							0
						],
						"0.25": [
							0,
							5,
							0
						],
						"0.3333": [
							2.5,
							-5,
							0
						],
						"0.4444": [
							0,
							0,
							0
						]
					}
				}
			}
		}
	}
}